{"cameraMode":{"drawMode":0,"name":"Shaded","section":"Shading Mode"},"sceneLighting":true,"audioPlay":false,"sceneViewState":{"showFog":true,"showMaterialUpdate":false,"showSkybox":true,"showFlares":true,"showImageEffects":true,"showParticleSystems":true},"in2DMode":false,"pivot":{"x":286.022705078125,"y":-289.79241943359377,"z":434.1476135253906},"rotation":{"x":-0.11888542026281357,"y":0.713142454624176,"z":-0.12427210062742233,"w":-0.6798701882362366},"size":714.2473754882813,"orthographic":false}