{"cameraMode":{"drawMode":0,"name":"Shaded","section":"Shading Mode"},"sceneLighting":true,"audioPlay":false,"sceneViewState":{"showFog":true,"showMaterialUpdate":false,"showSkybox":true,"showFlares":true,"showImageEffects":true,"showParticleSystems":true},"in2DMode":false,"pivot":{"x":152.4708251953125,"y":-83.15093994140625,"z":713.3206787109375},"rotation":{"x":-0.08765042573213577,"y":0.6134691834449768,"z":-0.06826197355985642,"w":-0.78203946352005},"size":417.32806396484377,"orthographic":false}