{"cameraMode":{"drawMode":0,"name":"Shaded","section":"Shading Mode"},"sceneLighting":true,"audioPlay":false,"sceneViewState":{"showFog":true,"showMaterialUpdate":false,"showSkybox":true,"showFlares":true,"showImageEffects":true,"showParticleSystems":true},"in2DMode":false,"pivot":{"x":752.0281982421875,"y":152.63636779785157,"z":673.6468505859375},"rotation":{"x":-0.08361265063285828,"y":0.8520121574401856,"z":-0.14345422387123109,"w":-0.4965643286705017},"size":145.2939910888672,"orthographic":false}