{"cameraMode":{"drawMode":0,"name":"Shaded","section":"Shading Mode"},"sceneLighting":true,"audioPlay":false,"sceneViewState":{"showFog":true,"showMaterialUpdate":false,"showSkybox":true,"showFlares":true,"showImageEffects":true,"showParticleSystems":true},"in2DMode":false,"pivot":{"x":953.0969848632813,"y":248.0125274658203,"z":145.45388793945313},"rotation":{"x":-0.14972186088562013,"y":0.2658527195453644,"z":-0.042771436274051669,"w":-0.9516046643257141},"size":57.69282150268555,"orthographic":false}