{"cameraMode":{"drawMode":0,"name":"Shaded","section":"Shading Mode"},"sceneLighting":true,"audioPlay":false,"sceneViewState":{"showFog":true,"showMaterialUpdate":false,"showSkybox":false,"showFlares":true,"showImageEffects":true,"showParticleSystems":true},"in2DMode":false,"pivot":{"x":410.1700134277344,"y":57.099998474121097,"z":564.9000244140625},"rotation":{"x":0.08564022928476334,"y":0.9029419422149658,"z":-0.36359018087387087,"w":0.21266497671604157},"size":16.368762969970704,"orthographic":false}