{"cameraMode":{"drawMode":0,"name":"Shaded","section":"Shading Mode"},"sceneLighting":true,"audioPlay":false,"sceneViewState":{"showFog":true,"showMaterialUpdate":false,"showSkybox":true,"showFlares":true,"showImageEffects":true,"showParticleSystems":true},"in2DMode":false,"pivot":{"x":1099.073486328125,"y":83.3956298828125,"z":523.0806274414063},"rotation":{"x":-0.056972846388816836,"y":0.6837649345397949,"z":-0.05361897125840187,"w":-0.725609302520752},"size":60.872039794921878,"orthographic":false}