{"cameraMode":{"drawMode":0,"name":"Shaded","section":"Shading Mode"},"sceneLighting":true,"audioPlay":false,"sceneViewState":{"showFog":true,"showMaterialUpdate":false,"showSkybox":true,"showFlares":true,"showImageEffects":true,"showParticleSystems":true},"in2DMode":false,"pivot":{"x":797.6993408203125,"y":4.7933197021484379,"z":719.867919921875},"rotation":{"x":-0.043012190610170367,"y":0.6177574992179871,"z":-0.03364013880491257,"w":-0.784666121006012},"size":363.913818359375,"orthographic":false}