{"cameraMode":{"drawMode":0,"name":"Shaded","section":"Shading Mode"},"sceneLighting":true,"audioPlay":false,"sceneViewState":{"showFog":true,"showMaterialUpdate":false,"showSkybox":true,"showFlares":true,"showImageEffects":true,"showParticleSystems":true},"in2DMode":false,"pivot":{"x":1523.333740234375,"y":139.22952270507813,"z":439.4737243652344},"rotation":{"x":-0.3654680848121643,"y":0.23712559044361115,"z":-0.09671125560998917,"w":-0.8950750231742859},"size":3.9970648288726808,"orthographic":false}