{"cameraMode":{"drawMode":0,"name":"Shaded","section":"Shading Mode"},"sceneLighting":true,"audioPlay":false,"sceneViewState":{"showFog":true,"showMaterialUpdate":false,"showSkybox":false,"showFlares":true,"showImageEffects":true,"showParticleSystems":true},"in2DMode":false,"pivot":{"x":410.1700134277344,"y":57.099998474121097,"z":564.9000244140625},"rotation":{"x":-0.04025176912546158,"y":0.4171780049800873,"z":-0.01805749349296093,"w":-0.9078629612922669},"size":6.010407447814941,"orthographic":false}